{
    "BOX": {
        "#318f00": {
            "COLOR": {
                "W": 1.0,
                "X": 0.11764705926179886,
                "Y": 0.062745101749897,
                "Z": 0.13333334028720856
            },
            "ID": "#318f00",
            "LINK_FROM": [
                "#7a95ce"
            ],
            "LINK_TO": [
                "#7a95ce"
            ],
            "POSITION": {
                "X": -542.0,
                "Y": 250.0,
                "Z": 2.0
            },
            "SIZE": {
                "X": 300.0,
                "Y": 150.0
            },
            "TAGS": []
        },
        "#7a95ce": {
            "COLOR": {
                "W": 1.0,
                "X": 0.054901961237192154,
                "Y": 0.14509804546833038,
                "Z": 0.33725491166114807
            },
            "ID": "#7a95ce",
            "LINK_FROM": [
                "#318f00"
            ],
            "LINK_TO": [
                "#318f00"
            ],
            "POSITION": {
                "X": 244.0,
                "Y": -97.0,
                "Z": 0.472900390625
            },
            "SIZE": {
                "X": 300.0,
                "Y": 150.0
            },
            "TAGS": []
        }
    }
}
